train_losses,val_losses,train_accuracies,val_accuracies
0.7359747404185849,0.6979801598717185,48.005908419497786,51.76470588235294
0.7406240319571784,0.7034547567367554,45.49483013293944,51.76470588235294
0.7055353862144041,0.6992694483083837,51.55096011816839,51.1764705882353
0.7287943731206559,0.7037368136293748,47.41506646971935,48.8235294117647
0.7359852178938455,0.7040680233170005,46.38109305760709,51.76470588235294
0.7076442170354429,0.7090678558630101,50.22156573116691,48.8235294117647
0.7163874423310183,0.7093237617436577,49.039881831610046,51.1764705882353
0.7007049850382164,0.7106873890932869,50.81240768094535,50.0
0.6889227133029673,0.7150106948964736,51.10782865583457,51.76470588235294
0.6917332820209126,0.7125300414421979,51.994091580502214,50.0
0.7025523448976492,0.7140313078375423,50.960118168389954,50.588235294117645
0.706366899886899,0.7118773916188408,49.335302806499264,50.588235294117645
0.6933875261768808,0.7159942619940813,51.698670605612996,50.0
0.7035742539422727,0.7194084903773139,53.4711964549483,48.8235294117647
0.6968755547722122,0.725367149885963,50.664697193500736,50.588235294117645
0.7092758961231,0.7239294837502872,48.44903988183161,49.411764705882355
0.7090479432215895,0.7230143063208636,50.81240768094535,52.35294117647059
0.6847558695069091,0.7270494650391971,51.84638109305761,48.23529411764706
0.6882782913029106,0.7277834506595836,50.51698670605613,48.23529411764706
0.6990844698036791,0.7297747899504269,49.48301329394387,48.8235294117647
0.690635766641428,0.7302625614054062,51.55096011816839,48.8235294117647
0.694254155349168,0.7281198901288649,52.43722304283604,50.588235294117645
0.6978909042244296,0.7354949018534492,50.073855243722306,50.0
0.6860317322845121,0.7357044416315416,52.43722304283604,48.8235294117647
0.6898664942168062,0.735747157124912,50.664697193500736,51.1764705882353
0.6904449367804929,0.7347274100079256,51.25553914327917,50.588235294117645
0.6876586224867287,0.7404616797671598,52.14180206794683,50.588235294117645
0.6746498329600696,0.741360848090228,54.35745937961595,50.588235294117645
0.682437434770508,0.745573085195878,53.32348596750369,48.23529411764706
0.6826512746655958,0.7429601185462054,52.43722304283604,49.411764705882355
0.6801784693578498,0.7389523702509263,53.76661742983752,50.588235294117645
0.6784659672523002,0.7441128394182991,54.50516986706056,48.23529411764706
0.6885637048428309,0.7437629889039432,51.40324963072378,50.588235294117645
0.6896215689587276,0.7439435047261855,52.58493353028065,47.05882352941177
0.6851509680952244,0.7469245461856617,53.17577548005909,49.411764705882355
0.6729602593614925,0.7419406519216649,52.43722304283604,50.0
0.680743464426945,0.745070920271032,53.61890694239291,52.94117647058823
0.6663472411199369,0.7530889328788308,56.72082717872969,47.64705882352941
0.6774854821151609,0.7631907203618218,53.4711964549483,46.470588235294116
0.6595771329441662,0.7575869223650764,53.91432791728213,45.88235294117647
0.6781554869217922,0.7584104909616358,52.732644017725256,47.64705882352941
0.6726083805677282,0.762482451691347,54.062038404726735,45.294117647058826
0.6840677259591693,0.7618098385193769,51.994091580502214,46.470588235294116
0.6640464599234667,0.7624116091167226,55.53914327917282,48.23529411764706
0.6690143121398182,0.7640824724646176,55.83456425406204,44.705882352941174
0.67790839450222,0.766880586568047,56.129985228951256,46.470588235294116
0.6757238146297336,0.7749837889390834,53.61890694239291,44.705882352941174
0.666769008780864,0.7616613766726326,56.8685376661743,47.05882352941177
0.6721708280649283,0.7613523826879613,54.80059084194978,47.05882352941177
0.6713235078921522,0.764550061786876,54.94830132939439,48.8235294117647
0.6766557266476235,0.7594062103944667,53.17577548005909,48.23529411764706
0.6636357063556879,0.7658143176751978,57.163958641063516,46.470588235294116
0.666697222866019,0.7710329686894136,54.35745937961595,46.470588235294116
0.6777285896516797,0.7691412175402922,55.096011816838995,45.88235294117647
0.680935067387416,0.7655055158278521,53.91432791728213,45.88235294117647
0.6712104135813354,0.7696373652009403,53.76661742983752,49.411764705882355
0.6844796065125542,0.7662709937376134,52.58493353028065,47.05882352941177
0.6730588102270264,0.7624693737310522,52.14180206794683,47.64705882352941
0.6510961083929155,0.7659966174293967,57.31166912850812,47.64705882352941
0.6591456933951272,0.7801472095882191,55.53914327917282,47.05882352941177
0.6485621009126548,0.7708227206678951,58.197932053175776,46.470588235294116
0.6514692223758782,0.7729897492072162,56.57311669128508,44.11764705882353
0.6699669225529342,0.770587078964009,53.61890694239291,45.294117647058826
0.658981888385784,0.7787218724980074,57.75480059084195,45.88235294117647
0.6766569838918294,0.7863321030841154,56.129985228951256,44.705882352941174
0.6716589171389885,0.7771861027268803,54.94830132939439,44.11764705882353
0.6547562922825665,0.7708720066968132,56.425406203840474,47.05882352941177
0.654403340253027,0.7838686753721799,57.75480059084195,45.294117647058826
0.6737315041099728,0.7804871103342842,55.391432791728214,45.88235294117647
0.6645754236766471,0.7814939569024478,55.391432791728214,44.11764705882353
0.6684245825518181,0.782958679339465,56.129985228951256,44.11764705882353
0.6627523855057214,0.7961037032744464,55.391432791728214,44.705882352941174
0.6578945585332557,0.7830502720440136,55.83456425406204,47.05882352941177
0.6530967796746878,0.7878414273262024,56.27769571639586,44.11764705882353
0.6435392177615595,0.7892610739259159,57.75480059084195,45.88235294117647
0.6518351647403074,0.7936652877751519,57.75480059084195,44.705882352941174
0.6494869181289279,0.7926654366885915,55.83456425406204,44.705882352941174
0.6526206426289445,0.7994356344727909,57.459379615952734,45.294117647058826
0.6481216499689234,0.8063104657565846,57.90251107828656,44.11764705882353
0.6643933143186076,0.8065309166908264,56.425406203840474,47.05882352941177
0.6365241774604099,0.8038474917411804,58.34564254062038,44.705882352941174
0.6378528898364508,0.801090865275439,58.78877400295421,42.94117647058823
0.6359824548795974,0.8184041626313153,60.2658788774003,44.11764705882353
0.6497338942446068,0.8229132862652049,58.6410635155096,42.35294117647059
0.6571204430771719,0.8097548512851491,58.93648449039882,48.23529411764706
0.6617755388051404,0.801106797246372,56.27769571639586,44.11764705882353
0.6523243543668547,0.8078984232509837,58.6410635155096,43.529411764705884
0.6386582084561381,0.8124285669887767,58.197932053175776,44.705882352941174
0.6568160065431891,0.8004258085699643,56.8685376661743,45.294117647058826
0.6211482396506136,0.8157732164158541,59.084194977843424,42.35294117647059
0.6416229239418728,0.8073380575460546,58.197932053175776,45.294117647058826
0.6554914744601116,0.7990334994652692,57.459379615952734,45.294117647058826
0.6343964050404254,0.80675108573016,59.37961595273264,44.705882352941174
0.6370517640557564,0.7997455106062048,58.493353028064995,48.8235294117647
0.6511382627434357,0.8166249646860011,57.31166912850812,42.94117647058823
0.6516310100717417,0.8118805843241075,57.31166912850812,44.705882352941174
0.6373208230320072,0.8114657759666443,59.37961595273264,46.470588235294116
0.6427761631931125,0.8134982606943916,57.90251107828656,44.11764705882353
0.6460520017622493,0.8129033761865953,59.084194977843424,43.529411764705884
0.6280601287874197,0.8193467981675092,62.33382570162482,46.470588235294116
0.645661735992488,0.8247937588130727,60.2658788774003,41.76470588235294
0.6213819992066838,0.8243140550220713,60.4135893648449,45.88235294117647
0.6397815660148463,0.8301856629988726,60.85672082717873,40.588235294117645
0.6473782784477471,0.8131951121722951,59.97045790251108,42.94117647058823
0.6322292512945797,0.8257481378667495,59.527326440177255,42.94117647058823
0.6316779866880645,0.8505639216479133,59.97045790251108,41.1764705882353
0.6315787356660496,0.8232751509722541,61.44756277695716,45.88235294117647
0.6236137159641948,0.8210015822859371,59.97045790251108,46.470588235294116
0.6445377454976036,0.8434923017726225,60.85672082717873,44.705882352941174
0.6250935887128247,0.8340012024430667,60.70901033973412,47.64705882352941
0.631591292656683,0.842136043660781,59.67503692762186,40.0
0.6442065913356742,0.8382110820097082,60.2658788774003,42.35294117647059
0.6301184146936042,0.8358667037066292,61.44756277695716,47.64705882352941
0.6335317032904181,0.8278761891757741,60.2658788774003,45.294117647058826
0.6265908273671543,0.8288035476908965,62.0384047267356,45.294117647058826
0.6324739318830752,0.8373084159458385,61.89069423929099,42.35294117647059
0.6275500812769993,0.8425911279285655,61.152141802067945,38.23529411764706
0.6254022801116087,0.832314176419202,62.33382570162482,43.529411764705884
0.6280015200772701,0.8410988569259643,60.118168389955684,46.470588235294116
0.6365888958667547,0.8556602681384368,59.822747415066466,43.529411764705884
0.6362464622081294,0.836559771790224,61.44756277695716,45.88235294117647
0.6402820333772431,0.8449301621493172,60.4135893648449,44.705882352941174
0.6501720352222156,0.839910461622126,59.67503692762186,43.529411764705884
0.624548377895637,0.8348092233433443,62.33382570162482,42.35294117647059
0.62828989712139,0.8302734669517068,60.70901033973412,47.64705882352941
0.6313515234204832,0.8285002266659456,60.4135893648449,45.88235294117647
0.6295623558310673,0.8298848053988288,61.44756277695716,45.294117647058826
0.6271244077069721,0.8388183909304002,62.77695716395864,45.88235294117647
0.6013261181036866,0.8433145516058977,64.40177252584934,44.11764705882353
0.6255255532581662,0.8292443240390105,61.595273264401776,45.88235294117647
0.6206696000021705,0.8420831070226782,63.515509601181684,44.11764705882353
0.5980341785767582,0.8482027649879456,64.69719350073855,44.11764705882353
0.6431719521211908,0.8564538836479187,61.44756277695716,40.0
0.6188981777808162,0.8575092063230627,62.0384047267356,44.11764705882353
0.6016586787415396,0.8687450451009414,64.25406203840473,42.94117647058823
0.6273996734460664,0.8778678880018347,59.527326440177255,44.705882352941174
0.6313583810361133,0.8657887325567357,61.89069423929099,42.94117647058823
0.6103816848561894,0.8681882739067077,62.77695716395864,42.94117647058823
0.6134916244616713,0.8663257591864642,62.62924667651403,44.705882352941174
0.614398299899376,0.8452364584978889,62.48153618906942,45.88235294117647
0.6206914337910436,0.8418403485242059,60.561299852289515,47.64705882352941
0.6179262425205733,0.8623183565981248,63.220088626292466,41.76470588235294
0.6250841275099638,0.8705396967775682,62.186115214180205,47.64705882352941
0.6109836508287461,0.8385967317749472,61.74298375184638,46.470588235294116
0.6006970677629355,0.857569877540364,61.74298375184638,46.470588235294116
0.6116986163785926,0.8645169868188746,61.152141802067945,41.76470588235294
0.5933675227172266,0.8563532303361332,65.14032496307237,45.294117647058826
0.6130166049369857,0.8554673566537745,62.77695716395864,45.88235294117647
0.6060168416056358,0.8701768734875848,64.99261447562778,47.05882352941177
0.6036621201865958,0.8688776044284596,63.66322008862629,45.294117647058826
0.6144700710671339,0.8568641297957477,62.77695716395864,49.411764705882355
0.6009075789543163,0.8520594442591948,63.07237813884786,50.588235294117645
0.6221210560383086,0.8858896851539612,60.561299852289515,46.470588235294116
0.5994793571960979,0.8500348392654867,63.8109305760709,45.294117647058826
0.607907179363369,0.8811063990873449,63.66322008862629,48.8235294117647
0.6143254947627137,0.8694892869276158,62.0384047267356,48.8235294117647
0.6162212653473526,0.8788157757590799,61.44756277695716,48.23529411764706
0.6054511025349886,0.8549996768727022,63.95864106351551,47.05882352941177
0.6011432582729852,0.8794147295110366,66.32200886262925,43.529411764705884
0.5984635607530658,0.8824208224520964,64.10635155096011,50.0
0.599818670855315,0.9145617351812475,61.89069423929099,46.470588235294116
0.606480526343054,0.8984257298357347,63.07237813884786,46.470588235294116
0.6041123285075234,0.886564680408029,64.54948301329394,44.705882352941174
0.6075041379498942,0.8886639952659607,63.515509601181684,42.35294117647059
0.6091202159399824,0.8883563132847057,62.0384047267356,44.11764705882353
0.6104848647223265,0.8844220519065857,63.515509601181684,45.294117647058826
0.6069592789497826,0.9052501608343685,62.0384047267356,44.705882352941174
0.6093213905964151,0.8992483047878042,63.220088626292466,45.88235294117647
0.6102351685394388,0.8889966046108919,63.36779911373708,45.294117647058826
0.6107605973497979,0.8579826116561889,64.10635155096011,45.294117647058826
0.6171749064277863,0.8875526442247279,62.0384047267356,42.35294117647059
0.6084278227659589,0.8701962723451502,64.40177252584934,41.76470588235294
0.6011983178214801,0.8791822426459368,64.54948301329394,40.0
0.6021867000898194,0.8676854421110715,61.595273264401776,42.94117647058823
0.5961308296621286,0.8656481560538797,63.515509601181684,44.11764705882353
0.5959150568421165,0.8883813353145824,64.99261447562778,46.470588235294116
0.5946287582772873,0.8865738356814665,64.99261447562778,43.529411764705884
0.5926721311742481,0.8824360889547012,63.8109305760709,45.88235294117647
0.5890410371686015,0.9137972123482648,64.84490398818316,42.94117647058823
0.6086363756322086,0.8831011470626382,64.10635155096011,45.88235294117647
0.5894466267906933,0.9229945105664871,66.32200886262925,42.94117647058823
0.5903279062035869,0.8964856708751006,63.8109305760709,44.705882352941174
0.584700134735516,0.9178356135592741,66.02658788774004,42.94117647058823
0.5936960210828345,0.8858095491633696,63.95864106351551,48.23529411764706
0.5909142922967716,0.8983191076446982,64.84490398818316,48.23529411764706
0.5846152079774499,0.9224844448706683,64.10635155096011,41.76470588235294
0.5937379670372037,0.9279787512386546,65.5834564254062,45.294117647058826
0.5934559210276498,0.9064181650386137,66.17429837518463,50.588235294117645
0.5966720046197647,0.8836338253582225,62.77695716395864,45.294117647058826
0.5791016913059015,0.9006686953937306,67.2082717872969,45.88235294117647
0.6081812070955026,0.8876060773344601,62.92466765140325,48.8235294117647
0.5968054695002614,0.912134143184213,63.36779911373708,45.88235294117647
0.577382678295344,0.9085589493022246,66.91285081240768,47.64705882352941
0.5726783512438065,0.9343689371557796,65.28803545051699,47.05882352941177
0.5838279083173067,0.9192044545622433,65.28803545051699,47.05882352941177
0.5753221667675711,0.9013892734751981,67.2082717872969,49.411764705882355
0.5852448152738625,0.8993253714898053,65.28803545051699,47.05882352941177
0.5796883342185084,0.897862989061019,64.25406203840473,45.88235294117647
0.5887985183710186,0.9014389031073626,66.17429837518463,50.588235294117645
0.6075596444892039,0.9181709149304558,64.69719350073855,49.411764705882355
0.5698874656171531,0.9388023362440221,67.50369276218612,42.94117647058823
0.5702810114912655,0.9280148884829353,66.61742983751846,50.0
0.5837749980577162,0.9449990595088286,66.61742983751846,43.529411764705884
0.5629245891528785,0.9347683471791884,66.61742983751846,49.411764705882355
0.5896571866694722,0.9231691241264344,65.28803545051699,47.05882352941177
0.5831484711856927,0.9697474809253916,66.02658788774004,41.76470588235294
0.5651398540599659,0.9247022151947022,67.0605612998523,45.88235294117647
0.5698770054422065,0.9389236639527714,65.73116691285081,41.76470588235294
0.5725240175621901,0.9519125826218549,64.99261447562778,44.11764705882353
0.5700802148004754,0.9417799739276662,65.4357459379616,41.76470588235294
0.5792349516200879,0.9223543931456173,64.84490398818316,45.294117647058826
0.5952667718095652,0.9246648479910458,65.14032496307237,45.88235294117647
0.5778930534992471,0.9153813418220071,65.5834564254062,45.294117647058826
0.5605852462604444,0.9530259160434499,67.79911373707533,44.705882352941174
0.5591996041851522,0.910762357711792,65.87887740029542,47.05882352941177
0.5819570313000081,0.9544004832997042,65.4357459379616,47.05882352941177
0.5586241907171872,0.9595466634806464,68.09453471196456,44.11764705882353
0.5859463593015994,0.9689981180078843,63.515509601181684,43.529411764705884
0.569100821476039,0.9608165593708262,66.32200886262925,48.8235294117647
0.5574398809380863,0.9667812599855311,68.24224519940915,45.88235294117647
0.5592018409000717,0.9646812768543468,69.12850812407682,45.88235294117647
0.5756286732203147,1.0058527154081007,65.87887740029542,46.470588235294116
0.595655621506791,0.9567468495929943,66.61742983751846,44.705882352941174
0.552374195929292,0.9710096534560708,66.61742983751846,47.05882352941177
0.5668818225184431,0.9714021570542279,67.0605612998523,48.8235294117647
0.5644253449214615,0.9732333533904132,66.02658788774004,48.23529411764706
0.5756943684561038,0.9698373507050907,66.61742983751846,50.0
0.5681796075234209,0.9719556955730214,67.0605612998523,45.88235294117647
0.5676856116670977,0.9713628881117877,68.24224519940915,48.23529411764706
0.5711618170604396,0.9875271951451021,66.02658788774004,46.470588235294116
0.5580576889800181,0.9555904135984533,69.27621861152141,48.8235294117647
0.5793459934885428,0.9470004789969501,67.94682422451994,47.05882352941177
0.5565525755572355,0.9983708171283497,67.3559822747415,41.76470588235294
0.5514498804221302,0.9503247254035052,68.09453471196456,45.294117647058826
0.5708996738517654,0.9819876691874336,66.46971935007386,45.294117647058826
0.5644892909326088,0.9702441580155317,67.2082717872969,46.470588235294116
0.5447840297503873,0.9662916933788973,70.6056129985229,45.88235294117647
0.5597413741327283,1.003094884928535,67.65140324963072,45.88235294117647
0.5474188156987223,0.9844005002694971,67.94682422451994,48.23529411764706
0.5672218288505447,0.9645703245611752,67.65140324963072,42.94117647058823
0.5570786872677824,0.9892888034091276,67.65140324963072,44.705882352941174
0.5462707096223817,0.9748237609863282,67.0605612998523,45.88235294117647
0.5395946818317233,0.96481412859524,69.27621861152141,46.470588235294116
0.5446369154942793,0.9886828289312475,67.3559822747415,46.470588235294116
0.5653703856327333,1.0068795695024377,65.87887740029542,48.23529411764706
0.5481894285675342,0.9847198970177594,70.01477104874446,46.470588235294116
0.5501054861696996,1.022762083306032,70.16248153618906,47.05882352941177
0.5439759306224445,0.9965938441893634,68.9807976366322,45.294117647058826
0.5266288683544762,1.0099939332288854,71.78729689807976,45.88235294117647
0.5523993711880074,1.0552373079692616,68.83308714918759,45.88235294117647
0.5380646767785313,1.0364870940937716,70.45790251107829,47.64705882352941
0.5471539806404001,1.0024648764554192,69.12850812407682,45.294117647058826
0.5313296451658407,1.0283116088194006,71.49187592319055,46.470588235294116
0.5706251009616401,1.040015813883613,64.84490398818316,48.23529411764706
0.528256206824121,0.991852678972132,68.09453471196456,47.64705882352941
0.5578338687405805,1.0820892137639664,67.94682422451994,45.294117647058826
0.5538771616479319,1.028784369019901,66.02658788774004,45.294117647058826
0.5291596332364104,1.0668397160137402,70.7533234859675,45.88235294117647
0.5539842634468698,1.042283247498905,68.24224519940915,47.05882352941177
0.5526295888018925,1.0144835528205423,70.01477104874446,44.11764705882353
0.5453249993493321,1.0192593749831704,67.94682422451994,45.88235294117647
0.5445641736160177,1.0565740360933191,69.86706056129985,47.64705882352941
0.54734815549287,1.0357288234374102,68.24224519940915,48.23529411764706
0.5320240249485878,1.0007537477156696,71.49187592319055,45.88235294117647
0.5176916216641797,1.0285976921810824,72.52584933530281,46.470588235294116
0.5279274508907312,1.0223470547619988,68.9807976366322,45.294117647058826
0.5402499962944752,1.086853227895849,68.9807976366322,45.88235294117647
0.5625077574080519,1.0510348137687235,68.24224519940915,47.05882352941177
0.5159007287976308,1.0544355090926676,70.7533234859675,47.64705882352941
0.5502286050661276,1.0315466775613673,69.71935007385524,47.05882352941177
0.5159982739558424,1.0711550088489756,72.3781388478582,46.470588235294116
0.526544965836639,1.1084895526661593,71.19645494830132,44.11764705882353
0.5176332504041438,1.0437573650304008,70.45790251107829,48.23529411764706
0.5312055766670531,1.0762877576491412,71.49187592319055,49.411764705882355
0.5329489215790257,1.0777189402019276,71.04874446085672,45.88235294117647
0.5206044190391304,1.059966711437001,71.78729689807976,48.23529411764706
0.5295216045404291,1.0576868716408225,70.45790251107829,45.294117647058826
0.5336128305561257,1.0342258081716649,69.27621861152141,45.294117647058826
0.505648201730438,1.0473807369961459,70.90103397341211,45.88235294117647
0.5456674688851992,0.9964362852713641,69.57163958641064,47.05882352941177
0.5469900967011248,1.0364349582616021,67.79911373707533,44.705882352941174
0.5416722636631356,1.0616324557977563,70.31019202363368,47.05882352941177
0.5158393397993316,1.0546301463071037,72.23042836041358,47.05882352941177
0.5150563721290543,1.1028193277471205,71.19645494830132,47.64705882352941
0.5458575361236335,1.0856170738444608,68.83308714918759,47.05882352941177
0.49623825974443286,1.1412770979544695,71.78729689807976,48.23529411764706
0.5233767796830553,1.0894065639551949,70.45790251107829,45.88235294117647
0.5261717958147452,1.08890058854047,69.42392909896603,48.8235294117647
0.5185226818307288,1.1018810124958263,72.3781388478582,49.411764705882355
0.498919057529117,1.0706209358047036,73.26440177252584,48.8235294117647
0.49727103836075065,1.08970526526956,73.55982274741507,45.88235294117647
0.5027490488887714,1.1325338896583108,72.3781388478582,48.8235294117647
0.49465653427946693,1.113896693201626,72.23042836041358,49.411764705882355
0.5065166793510516,1.07863130569458,73.11669128508125,47.05882352941177
0.5369529454711621,1.0688790377448587,69.71935007385524,51.1764705882353
0.4928822682034142,1.127351109420552,74.88921713441654,46.470588235294116
0.49371114615323447,1.0818974719328038,72.96898079763663,45.294117647058826
0.5089894032636809,1.1079758651116316,72.52584933530281,48.23529411764706
0.4947600734462766,1.1541598810869105,73.70753323485968,48.23529411764706
0.5340444185445017,1.1032488710740034,69.57163958641064,45.294117647058826
0.5035059199375451,1.1712725548183216,72.82127031019202,48.8235294117647
0.49851458344713095,1.1224659274606144,73.70753323485968,47.05882352941177
0.47681952218361406,1.1431982468156254,74.74150664697194,47.64705882352941
0.5039077243565456,1.0657619279973647,72.52584933530281,47.64705882352941
0.49743176501469916,1.106956684589386,71.49187592319055,49.411764705882355
0.4841866366003958,1.1165895770577823,75.33234859675036,48.23529411764706
0.5135071133229018,1.2281836117015166,73.70753323485968,48.8235294117647
0.5007591867816678,1.1147329042939578,70.45790251107829,48.23529411764706
0.5079098484716881,1.1379044252283432,74.88921713441654,50.0
0.4963819710331442,1.1364330039304846,73.41211225997046,48.23529411764706
0.5029828183936228,1.1807105407995335,72.52584933530281,50.0
0.49529341589576914,1.1450167066910688,72.96898079763663,46.470588235294116
0.5067684371327016,1.1233212246614344,72.82127031019202,49.411764705882355
0.5021226606833882,1.1580021121922661,72.52584933530281,48.23529411764706
0.4716767878264761,1.1358195178649004,75.18463810930577,46.470588235294116
0.5083174599854597,1.145713210105896,72.67355982274742,48.23529411764706
0.4691514647077422,1.1336330708335427,75.9231905465288,48.23529411764706
0.47857371804633203,1.253145158290863,74.1506646971935,50.588235294117645
0.4829179012881072,1.1308870764339671,73.11669128508125,50.588235294117645
0.49251210029227344,1.200748714278726,74.74150664697194,50.588235294117645
0.4607707284489974,1.173924488881055,76.51403249630724,48.23529411764706
0.48317728573497676,1.2858992576599122,74.2983751846381,49.411764705882355
0.4927437584544566,1.2207219460431267,74.00295420974889,51.76470588235294
0.46998345226797783,1.1820655345916748,73.85524372230428,51.76470588235294
0.4869171381877127,1.1706262069589952,73.11669128508125,50.0
0.46605977653752756,1.1832494791816264,76.21861152141803,47.05882352941177
0.46259651481665043,1.169853248315699,76.07090103397341,48.8235294117647
0.4736046974204668,1.249982549162472,75.9231905465288,48.23529411764706
0.47445489719311984,1.2225095286088832,73.55982274741507,47.64705882352941
0.45853187806321033,1.301676949332742,76.95716395864106,51.1764705882353
0.4679143273407811,1.2259400718352373,75.33234859675036,51.76470588235294
0.4933933059697313,1.2420455567977007,73.70753323485968,49.411764705882355
0.47264257975836094,1.2914840431774364,74.1506646971935,49.411764705882355
0.47208006484117604,1.2331222632352044,74.59379615952733,48.23529411764706
0.4764216993460803,1.2212064574746524,74.00295420974889,49.411764705882355
0.4843086196409547,1.2076372062458711,75.03692762186115,51.1764705882353
0.4620668298208555,1.2314022905686322,76.80945347119645,49.411764705882355
0.4715487036078156,1.2255352356854607,75.33234859675036,48.23529411764706
0.4497666758879953,1.2158573403077968,75.9231905465288,51.76470588235294
0.4557590956525929,1.2336577583761776,76.51403249630724,51.76470588235294
0.4623401059357771,1.2254357380025527,74.88921713441654,48.23529411764706
0.4558726020014268,1.2582838142619412,75.62776957163959,50.0
0.46693906430127524,1.2138276436749627,74.88921713441654,50.588235294117645
0.4466282510510928,1.279842838119058,77.40029542097489,50.0
0.4782992236899484,1.2484951888813691,74.1506646971935,51.1764705882353
0.43676294190492726,1.2902502985561595,79.76366322008863,52.35294117647059
0.4739563107666624,1.2869140821344711,75.62776957163959,50.588235294117645
0.49959777544308975,1.275801993818844,73.70753323485968,49.411764705882355
0.4426467055055908,1.2959445196039536,76.95716395864106,50.0
0.46768302090763164,1.2333339550915887,76.80945347119645,50.588235294117645
0.46747601322796706,1.3047654712901395,76.36632200886262,51.76470588235294
0.4498529293116298,1.3148812462301815,77.10487444608567,50.0
0.46753223055486665,1.296507222512189,76.07090103397341,50.0
0.44160656844495494,1.2361275055829217,78.87740029542097,51.76470588235294
0.4467369963798776,1.2743076703127694,76.80945347119645,50.588235294117645
0.4329232799337745,1.320683734557208,77.99113737075332,51.76470588235294
0.45776438220036786,1.2903369370628806,75.77548005908419,49.411764705882355
0.4716759723785885,1.2793058030745563,75.33234859675036,47.64705882352941
0.45373704030207374,1.2622843083213358,76.21861152141803,53.529411764705884
0.44523513953213856,1.3489345284069285,78.58197932053176,50.0
0.4505410292123938,1.361351825209225,77.25258493353029,52.35294117647059
0.4338809593829658,1.260893635188832,77.5480059084195,47.64705882352941
0.41272869252735966,1.3399673574111042,79.91137370753323,47.64705882352941
0.4234389258628406,1.269687934482799,78.13884785819793,51.76470588235294
0.4176910939121528,1.2606389199986177,79.1728212703102,51.1764705882353
0.4342087550168552,1.2631908683215871,76.21861152141803,52.35294117647059
0.44248298228755484,1.3231044011957505,77.99113737075332,51.1764705882353
0.45788977065149755,1.3941580463858212,78.13884785819793,50.0
0.4444835659232062,1.2537276015562169,75.62776957163959,51.76470588235294
0.41567836919774687,1.3534020690356985,77.5480059084195,51.76470588235294
0.4455964815097158,1.3246550181332757,79.32053175775481,52.94117647058823
0.4343269971836265,1.3680076739367317,78.87740029542097,52.35294117647059
0.44342320211000597,1.289774788127226,77.25258493353029,50.0
0.45561669011940104,1.3155992213417502,76.80945347119645,49.411764705882355
0.43212051007296876,1.299517760557287,79.02511078286558,50.588235294117645
0.4266281365643928,1.3838453769683838,79.4682422451994,50.0
0.4128102545724133,1.304961267639609,78.28655834564255,52.94117647058823
0.4170367492354603,1.327335488095003,79.4682422451994,50.588235294117645
0.44718816282125834,1.4356935781591078,78.28655834564255,51.1764705882353
0.4212966259332316,1.4300818835987765,79.02511078286558,52.35294117647059
0.44074542591543636,1.3365755053127513,77.69571639586411,52.35294117647059
0.4318039785723919,1.3809172447989968,77.10487444608567,50.0
0.43866339792529097,1.3601963295656092,78.28655834564255,51.1764705882353
0.4349003399844712,1.3812848427716424,77.69571639586411,51.76470588235294
0.41529946099620096,1.3522794246673584,80.05908419497784,52.94117647058823
0.3804868227489942,1.3539672823513256,80.64992614475628,52.35294117647059
0.4228193742970068,1.2939454359166762,77.25258493353029,49.411764705882355
0.4129309949177583,1.3765236938700955,81.97932053175775,52.94117647058823
0.4253847497780883,1.343371130438412,77.25258493353029,50.588235294117645
0.4037976636932379,1.331694214484271,81.38847858197931,52.35294117647059
0.3978790160780291,1.4566275288076962,80.79763663220089,50.0
0.40967925845960396,1.4514617078444536,79.91137370753323,52.35294117647059
0.4239677527982692,1.4922300464966718,78.43426883308715,51.1764705882353
0.4220128988233592,1.487610528048347,77.84342688330871,50.588235294117645
0.4241341490248986,1.3677703548880185,79.1728212703102,51.76470588235294
0.40483376216501044,1.4291104863671695,79.32053175775481,52.35294117647059
0.3937008029160859,1.472514637778787,81.68389955686854,52.35294117647059
0.4213154797539929,1.3487948585959042,77.40029542097489,52.35294117647059
0.3774349400704861,1.3393459053600536,82.7178729689808,51.76470588235294
0.4149826431380065,1.3268784466911765,80.05908419497784,51.1764705882353
0.41121374592295074,1.4309556933010326,79.32053175775481,51.76470588235294
0.44817510577389197,1.2832150683683508,76.36632200886262,53.529411764705884
0.38617501769935714,1.3533399301416733,79.91137370753323,50.588235294117645
0.404560717425283,1.4789400465348188,79.76366322008863,50.588235294117645
0.4123903037526231,1.439231025471407,78.72968980797637,48.8235294117647
0.40632951418089197,1.3858301948098575,79.61595273264402,52.35294117647059
0.39772488570812004,1.5099467754364013,80.05908419497784,52.35294117647059
0.3942065423401279,1.3655294923221364,82.42245199409157,52.94117647058823
0.38349388313082156,1.4702147077111636,81.0930576070901,53.529411764705884
0.36947929196642987,1.48731629708234,80.50221565731167,52.35294117647059
0.3992692907416486,1.4727916969972499,79.76366322008863,51.76470588235294
0.44275177590427933,1.4703680753707886,78.58197932053176,52.94117647058823
0.39866023252070215,1.4150570140165442,79.91137370753323,51.1764705882353
0.39488018509908474,1.4077959972269394,81.0930576070901,50.0
0.39930234798828645,1.4444133660372567,81.24076809453472,54.11764705882353
0.38441320217078334,1.4130972371381871,81.24076809453472,52.35294117647059
0.39415793624903284,1.4030236580792594,80.20679468242245,53.529411764705884
0.40147281465625484,1.430081350663129,81.83161004431315,51.1764705882353
0.37381837665594486,1.45771245395436,81.97932053175775,52.94117647058823
0.3795606875173098,1.4408550514894374,80.50221565731167,50.0
0.41723232686607664,1.4101963688345516,79.02511078286558,52.94117647058823
0.40162092425270307,1.4265426607692944,79.76366322008863,52.94117647058823
0.3950408473720931,1.4320082860834458,82.12703101920236,51.76470588235294
0.37031574437237913,1.4642304560717414,82.27474150664698,49.411764705882355
0.39021411216769647,1.5115774659549488,80.05908419497784,51.1764705882353
0.3695684788498252,1.4811035296496222,81.0930576070901,51.76470588235294
0.38300929417726387,1.4763013306786033,81.83161004431315,49.411764705882355
0.36908356138839327,1.4834817942451028,81.0930576070901,51.1764705882353
0.3918259425784848,1.449615698702195,80.20679468242245,49.411764705882355
0.37963025661479777,1.472522673887365,80.50221565731167,51.76470588235294
0.3950032340073779,1.4104370215359856,79.61595273264402,52.94117647058823
0.35938145763940965,1.5058265391518089,82.57016248153619,51.76470588235294
0.33494092288538485,1.3785285949707031,84.04726735598227,54.705882352941174
0.408730279351619,1.4537248695597929,80.20679468242245,50.0
0.35414562324829607,1.5304360361660228,83.60413589364845,50.0
0.36738835792421765,1.4557114867603078,80.35450516986707,51.1764705882353
0.38088849252929013,1.4880909835591036,81.0930576070901,54.705882352941174
0.34895657042544914,1.5497854036443375,82.86558345642541,47.64705882352941
0.33611895714059714,1.5540803236119887,83.01329394387001,48.8235294117647
0.3480402476194162,1.4679200551089118,83.16100443131462,50.588235294117645
0.3976712912717281,1.5205258958479937,81.24076809453472,50.588235294117645
0.3749806547270568,1.5505517833373126,82.12703101920236,50.588235294117645
0.35506201921748975,1.5655258697621963,82.12703101920236,49.411764705882355
0.34239722398746664,1.5158668714411119,81.97932053175775,50.0
0.39034853446430784,1.527886232207803,82.27474150664698,50.0
0.3676379315081868,1.585231510330649,82.86558345642541,48.8235294117647
0.3823376885192961,1.5254521271761725,80.94534711964549,47.64705882352941
0.3585095397214594,1.5344757921555463,83.75184638109306,49.411764705882355
0.32535278275498963,1.4537462641211116,84.3426883308715,51.76470588235294
0.3399743895587048,1.6368949371225694,83.01329394387001,50.0
0.3482378665550421,1.5850636145647834,81.83161004431315,50.0
0.35139534700568353,1.592764102711397,83.16100443131462,48.23529411764706
0.34444450486886097,1.637605710590587,83.60413589364845,47.64705882352941
0.3605517836141798,1.7112757991341982,82.27474150664698,44.11764705882353
0.3652935555449617,1.585934024698594,82.12703101920236,49.411764705882355
0.3842531347556516,1.5454678268993602,81.38847858197931,49.411764705882355
0.35239168125558284,1.553633213043213,84.78581979320532,48.23529411764706
0.3546427263599027,1.572903725680183,83.60413589364845,49.411764705882355
0.37600364435898853,1.538356748749228,81.24076809453472,48.8235294117647
0.33263371187087526,1.505375087962431,83.60413589364845,50.588235294117645
0.38745827627322876,1.5392313171835508,80.50221565731167,50.0
0.38042172793975787,1.5706924859215232,81.68389955686854,51.76470588235294
0.3423477070106185,1.4577219037448659,84.78581979320532,48.23529411764706
0.34826444311719523,1.4735335995169248,84.3426883308715,51.76470588235294
0.34524141383554063,1.5741280106937183,83.16100443131462,49.411764705882355
0.30901294000215684,1.552556032292983,85.22895125553914,48.23529411764706
0.31939822087611897,1.6227339506149292,83.75184638109306,46.470588235294116
0.32405042771574666,1.6038690412745755,84.93353028064993,48.23529411764706
0.3347959695177557,1.6312417899861056,83.45642540620383,47.05882352941177
0.3415937016070153,1.7057330131530761,84.19497784342688,47.05882352941177
0.33585232210124083,1.6136323746512917,84.04726735598227,47.64705882352941
0.3143586549396177,1.6919732107835657,84.78581979320532,48.23529411764706
0.30849842280369566,1.6821355497135835,85.67208271787297,48.23529411764706
0.3020436031691609,1.8664486099691953,85.81979320531758,46.470588235294116
0.3389538565273651,1.6414252098868876,84.19497784342688,47.64705882352941
0.337694869303809,1.6197406207813936,84.3426883308715,45.88235294117647
0.3275123661166632,1.8419586377985337,84.4903988183161,45.88235294117647
0.3108154745714703,1.7070447178447947,84.4903988183161,47.64705882352941
0.3229051435715691,1.6612473375657026,85.81979320531758,47.64705882352941
0.31970618614594026,1.6710612801944509,84.63810930576071,48.8235294117647
0.34511215661265826,1.7940284434486837,82.42245199409157,45.88235294117647
0.3341955782039479,1.6517354740816004,84.4903988183161,45.294117647058826
0.3325074241995988,1.6042734566856833,84.3426883308715,47.64705882352941
0.30623695556971314,1.654690640112933,85.9675036927622,47.05882352941177
0.33589210934617847,1.691683292388916,86.2629246676514,45.294117647058826
0.33526495063850764,1.669830060005188,84.4903988183161,48.23529411764706
0.3313195492791636,1.8011418132220998,84.3426883308715,46.470588235294116
0.3367896862713238,1.6846317908343147,85.81979320531758,47.05882352941177
0.3216543238351405,1.6337144683389102,85.81979320531758,46.470588235294116
0.3156889256205481,1.6292824899449068,83.75184638109306,48.8235294117647
0.3559467599478219,1.6202305639491361,82.57016248153619,48.23529411764706
0.3387178020604076,1.6619668483734131,83.75184638109306,48.23529411764706
0.3298914850286402,1.6737920452566708,84.93353028064993,46.470588235294116
0.30530927056223817,1.7684420627706192,85.81979320531758,46.470588235294116
0.31836889981343086,1.62502881639144,85.81979320531758,48.8235294117647
0.29629759809643336,1.5913919771418852,84.63810930576071,48.8235294117647
0.3230476692384948,1.6612146714154412,84.19497784342688,45.88235294117647
0.3272791720563587,1.6998830598943373,84.19497784342688,46.470588235294116
0.32350786560747435,1.7190466936896829,86.2629246676514,47.64705882352941
0.27898002388382237,1.7032415109522203,85.67208271787297,45.294117647058826
0.2922660439458168,1.687452086280374,87.8877400295421,48.8235294117647
0.29725304339493747,1.6879119059618781,87.44460856720828,46.470588235294116
0.30560906035509205,1.7089794495526482,86.70605612998523,47.64705882352941
0.29349190709862083,1.6841060021344354,84.78581979320532,51.1764705882353
0.30581137920940293,1.6976928865208345,85.08124076809453,48.23529411764706
0.30916971322616765,1.7864403836867389,87.14918759231905,49.411764705882355
0.29201749957646717,1.6837542547899134,86.2629246676514,48.8235294117647
0.2951240105942398,1.6834959549062392,86.85376661742984,48.8235294117647
0.32461695932126994,1.8109792498981252,84.19497784342688,47.64705882352941
0.31257359551450176,1.7922158858355355,85.9675036927622,45.88235294117647
0.32070850040571025,1.6048681750017053,85.08124076809453,45.88235294117647
0.309329009082504,1.6625711427015417,84.63810930576071,48.23529411764706
0.31735607972877594,1.779803656129276,84.93353028064993,44.705882352941174
0.2830254615145561,1.7156382392434513,86.11521418020679,50.0
0.2955327494898082,1.6749300886602962,87.59231905465288,48.8235294117647
0.3219024189906071,1.7536595470765057,85.37666174298376,47.05882352941177
0.30175023546863344,1.7091867741416482,87.00147710487444,47.64705882352941
0.26301041508486916,1.7442882888457354,87.14918759231905,48.8235294117647
0.281259948318959,1.7159999679116642,87.00147710487444,48.8235294117647
0.2842179756044813,1.7757447621401619,88.92171344165436,48.8235294117647
0.2910621440701154,1.7626162388745477,85.67208271787297,47.64705882352941
0.2567872872006594,1.7153988725998823,88.18316100443131,48.23529411764706
0.2925127800141339,1.7154991724911859,87.8877400295421,48.23529411764706
0.2964322370211518,1.6686766329933616,86.70605612998523,48.8235294117647
0.2605876772495281,1.7631664135876823,88.18316100443131,48.23529411764706
0.2617398135066913,1.8204705350539263,87.74002954209749,48.23529411764706
0.29132501531166727,1.7050130577648388,85.81979320531758,48.23529411764706
0.3040305268641237,1.7960486678516163,87.14918759231905,50.588235294117645
0.2646410308855323,1.7670720493092256,89.21713441654357,48.23529411764706
0.30023420596580563,1.7626964316648595,84.63810930576071,46.470588235294116
0.26952591523021857,1.7681585396037383,88.18316100443131,48.8235294117647
0.2595808451205624,1.7553756012636073,88.0354505169867,50.0
0.2955887748184373,1.889239959155812,87.59231905465288,48.23529411764706
0.26822054795535666,1.8000667305553661,88.18316100443131,51.1764705882353
0.2769615476073331,1.760297971613267,85.81979320531758,49.411764705882355
0.23530115523929962,1.770969989720513,89.6602658788774,48.8235294117647
0.3033526836174982,1.7646067016264972,87.00147710487444,49.411764705882355
0.27180018677669227,1.892387586481431,87.29689807976366,49.411764705882355
0.28536822727194916,1.836560613968793,87.44460856720828,48.8235294117647
0.2865247066783412,1.811072130764232,87.44460856720828,50.588235294117645
0.30217814546744265,1.7291638192008523,85.08124076809453,50.588235294117645
0.2510794114150888,1.926852341259227,89.36484490398819,48.8235294117647
0.2576299049345394,1.8667987627141616,87.8877400295421,47.64705882352941
0.2732254995289018,1.740313964731553,87.8877400295421,51.76470588235294
0.24631921080886174,1.8117500824086807,88.0354505169867,47.64705882352941
0.27522902989669246,1.8205879786435295,88.62629246676514,49.411764705882355
0.25270937416190764,1.84197237070869,88.92171344165436,48.8235294117647
0.2419933836296355,1.8839973113116095,89.36484490398819,50.0
0.220288897671928,1.8051865689894733,90.69423929098966,50.0
0.2701974286088387,2.028803082073436,88.47858197932054,46.470588235294116
0.23214373042039363,2.0034616610583136,90.39881831610045,50.0
0.2530825775738481,1.8297238938948688,88.92171344165436,50.0
0.21460348427944997,1.8169666711021872,90.98966026587888,48.8235294117647
0.2460092616046021,1.896368335275089,89.21713441654357,51.1764705882353
0.22608550696288465,2.1621309392592485,90.10339734121122,48.23529411764706
0.25507940786671957,2.013332689509672,89.06942392909896,49.411764705882355
0.2580369063095909,1.9885253373314353,88.33087149187593,51.76470588235294
0.22632584319156945,1.8698029602275175,90.10339734121122,51.1764705882353
0.26588040830201554,1.843593370213228,87.8877400295421,48.8235294117647
0.24030652222398288,2.0587119831758387,89.21713441654357,48.23529411764706
0.23649952579372213,1.909920986960916,90.25110782865583,48.23529411764706
0.2441462324808408,2.0078289985656737,88.47858197932054,48.8235294117647
0.1989642036762336,1.8813633918762207,90.39881831610045,47.64705882352941
0.2549552553975776,1.879395793466007,88.47858197932054,50.588235294117645
0.24207064830746222,1.9993062944973217,89.36484490398819,50.0
0.2179871140766003,1.900785597632913,90.39881831610045,48.8235294117647
0.2094628729003219,1.984807264103609,90.69423929098966,48.23529411764706
0.25770152486761705,1.9392591925228344,87.8877400295421,48.8235294117647
0.23444549596292052,1.9071205868440515,89.80797636632201,50.0
0.24470886277747472,1.9601695172926958,88.62629246676514,52.35294117647059
0.2092555125891898,1.9899979366975673,90.10339734121122,46.470588235294116
0.20690565186510057,2.049376361510333,91.2850812407681,48.8235294117647
0.2111482006364242,2.1436002254486084,90.84194977843427,48.8235294117647
0.2633172246232695,2.011907642027911,88.62629246676514,50.588235294117645
0.23266011235500897,2.0431519985198974,90.39881831610045,50.0
0.19777943385404534,1.8538626488517314,91.4327917282127,49.411764705882355
0.2360779780844994,2.0720121636110194,89.21713441654357,45.88235294117647
0.21124675154597933,2.046325964086196,90.69423929098966,49.411764705882355
0.24855649766224702,2.075974161484662,89.06942392909896,49.411764705882355
0.21338402308204502,2.065865909352022,91.13737075332348,48.23529411764706
0.19226147052852582,2.247879421009737,93.205317577548,48.8235294117647
0.19868562945014792,2.1903819308561436,92.17134416543574,47.64705882352941
0.2135235986602183,2.162304496765137,92.02363367799114,45.294117647058826
0.2266224792703128,1.861659355724559,90.10339734121122,49.411764705882355
0.2147778776120752,2.0145348156199736,92.17134416543574,49.411764705882355
0.21918433530468004,1.984467540067785,89.80797636632201,48.23529411764706
0.17281051003202202,2.1705760394825653,92.31905465288035,50.588235294117645
0.20680940305288645,2.0885596191181857,91.72821270310192,48.8235294117647
0.19672472149882042,2.288621422823738,91.58050221565732,46.470588235294116
0.206422783852592,2.2254891030928667,91.87592319054653,48.23529411764706
0.18423720683621866,2.1419929420246797,92.31905465288035,46.470588235294116
0.2168676921412723,2.2436251948861514,91.13737075332348,49.411764705882355
0.21008609303519504,2.128130963269402,90.54652880354506,47.64705882352941
0.22837898827417916,2.1722809623269472,88.47858197932054,47.05882352941177
0.19172460007504663,2.0955354494207046,89.80797636632201,44.705882352941174
0.21460866600142975,2.001985586390776,90.10339734121122,48.23529411764706
0.22056451062376073,2.211726415858549,91.58050221565732,45.294117647058826
0.18849284273394806,2.043764882929185,90.98966026587888,48.8235294117647
0.16550122238310436,2.166340036953197,92.90989660265879,49.411764705882355
0.1931448922199548,2.250755520427928,90.69423929098966,49.411764705882355
0.21781143707882178,2.1090705114252426,91.4327917282127,50.588235294117645
0.16651520363029032,2.116909226249246,94.23929098966026,47.05882352941177
0.22244889732653844,2.2526414141935462,90.98966026587888,47.05882352941177
0.1907259595430452,2.160907837923835,91.58050221565732,47.05882352941177
0.18210467336316932,2.1806547164916994,92.31905465288035,45.88235294117647
0.19604057854968654,2.1384751460131475,91.87592319054653,46.470588235294116
0.2092492304731331,2.195595645904541,90.98966026587888,47.05882352941177
0.14470409999767997,2.2440161536721623,94.97784342688331,46.470588235294116
0.19185959799228955,2.3508786594166473,91.4327917282127,47.05882352941177
0.17874133890079255,2.3385837639079377,92.17134416543574,48.8235294117647
0.2035924701826259,2.275632527295281,91.87592319054653,47.05882352941177
0.18541124514806218,2.3187813310062184,92.31905465288035,46.470588235294116
0.19999299223701217,2.3117081053116744,91.13737075332348,48.8235294117647
0.21687348620853272,2.2240639209747313,90.39881831610045,47.64705882352941
0.16001314456344884,2.141921037786147,94.53471196454949,49.411764705882355
0.19631754664189707,2.2541016270132626,91.4327917282127,50.0
0.18541926151056234,2.199536073909086,92.90989660265879,48.23529411764706
0.165301936278271,2.3230560499079087,92.90989660265879,44.705882352941174
0.18577482978341497,2.258289945826811,92.61447562776956,48.23529411764706
0.18031962956556366,2.2416916145997887,92.76218611521418,47.64705882352941
0.17718784267322177,2.3698268609888413,92.46676514032497,46.470588235294116
0.1883984845946027,2.3879038894877715,92.46676514032497,48.23529411764706
0.1519994908060598,2.351516378627104,93.50073855243723,45.88235294117647
0.18249754075021477,2.2774946100571576,92.02363367799114,47.64705882352941
0.15968784433480027,2.3064454807954675,92.76218611521418,47.64705882352941
0.16120472132191171,2.4601746755487777,93.205317577548,47.05882352941177
0.1708218033481912,2.3719746898202336,92.90989660265879,43.529411764705884
0.17753459952504785,2.280154792000266,92.17134416543574,47.64705882352941
0.17496305902212023,2.269002617106718,92.46676514032497,48.23529411764706
0.17584612760885426,2.3398319805369656,92.90989660265879,47.05882352941177
0.1928595109695522,2.426482786851771,91.87592319054653,45.294117647058826
0.16953195508244823,2.4106261814341825,94.09158050221566,45.294117647058826
0.1935598185971005,2.3466007372912236,91.2850812407681,46.470588235294116
0.17152186189303545,2.216275795768289,93.35302806499261,44.705882352941174
0.1516330498305082,2.5080771305981804,94.38700147710487,45.294117647058826
0.16213219542402987,2.254209686728085,94.09158050221566,48.23529411764706
0.14924316652438313,2.332191259720746,93.79615952732644,48.23529411764706
0.20057920245467473,2.3626786063699163,91.13737075332348,49.411764705882355
0.1282763807446953,2.3856512518490063,94.53471196454949,47.64705882352941
0.12699273174719408,2.37557051041547,94.38700147710487,48.8235294117647
0.16086233465036753,2.4091420257792753,93.64844903988183,47.05882352941177
0.1772406026665974,2.2171026145710666,93.35302806499261,45.88235294117647
0.19005889585860722,2.3917239413541904,91.13737075332348,45.88235294117647
0.15140114846794786,2.3768567814546473,94.23929098966026,47.64705882352941
0.1711852965158365,2.4844060028300565,93.205317577548,47.05882352941177
0.153327099434162,2.465092970343197,93.0576070901034,48.23529411764706
0.13855217407117743,2.389061408884385,94.8301329394387,46.470588235294116
0.15680120130409342,2.5251556985518513,93.79615952732644,45.294117647058826
0.19171654360377102,2.457274944642011,91.2850812407681,46.470588235294116
0.1494571146372282,2.3903720939860627,93.94387001477105,48.23529411764706
0.13837296813396266,2.474995329800774,93.79615952732644,45.294117647058826
0.17852084300146498,2.5300860433017505,93.35302806499261,47.05882352941177
0.15701535992335358,2.564598930583281,92.76218611521418,47.64705882352941
0.15734680668840204,2.501389346403234,92.90989660265879,47.64705882352941
0.15909494739163396,2.441510803559247,94.53471196454949,47.05882352941177
0.12493186125440998,2.5062688743366914,94.8301329394387,47.05882352941177
0.16153832217417052,2.4690889470717488,93.205317577548,48.8235294117647
0.1527451845422453,2.316719975191004,94.09158050221566,51.1764705882353
0.17345151996330813,2.3214306775261373,92.76218611521418,47.05882352941177
0.16585875879780582,2.468803714303409,93.35302806499261,49.411764705882355
0.14022783248890275,2.3480934732100542,94.09158050221566,47.64705882352941
0.1385606138291528,2.516611696692074,93.79615952732644,47.64705882352941
0.13342929313969049,2.519015261706184,94.8301329394387,45.88235294117647
0.13397774921848468,2.438104371463551,93.94387001477105,47.64705882352941
0.09750848570549682,2.4771192157969755,96.01181683899557,46.470588235294116
0.12070554117376378,2.617873592937694,94.68242245199409,45.88235294117647
0.1562735656017721,2.4542595021864946,92.61447562776956,47.05882352941177
0.10595148844724216,2.465639664145077,95.42097488921713,48.8235294117647
0.13307853212010562,2.5515960525063908,93.79615952732644,48.23529411764706
0.16775528007933932,2.5900393626269174,93.50073855243723,45.294117647058826
0.1117280372549151,2.6649069729973287,96.15952732644018,46.470588235294116
0.11710217357936427,2.6553691078634825,95.42097488921713,46.470588235294116
0.1790653876134881,2.5989272285910214,91.58050221565732,46.470588235294116
0.1355639880294726,2.4810860493603877,95.12555391432792,45.294117647058826
0.12070673356380208,2.4797220566693476,95.27326440177252,44.11764705882353
0.1296411396335794,2.369340719896204,95.56868537666175,47.64705882352941
0.15377334025488998,2.5690832923440374,94.97784342688331,48.23529411764706
0.14634931270731957,2.6260476841646083,94.23929098966026,45.88235294117647
0.17110145340179764,2.5813062022714055,93.205317577548,45.88235294117647
0.13296152731098312,2.6299013923196233,94.97784342688331,47.05882352941177
0.1427834905860079,2.4152790181777055,93.79615952732644,44.11764705882353
0.15285124178519102,2.469446959215052,94.68242245199409,46.470588235294116
0.14930244326382391,2.6481110516716453,94.09158050221566,45.88235294117647
0.16048251938190383,2.4901212103226604,92.76218611521418,48.23529411764706
0.10707414903550064,2.549993809531717,96.60265878877401,48.23529411764706
0.11128330422342483,2.6337066846735335,96.01181683899557,45.294117647058826
0.13489821798441878,2.430554816302131,94.38700147710487,48.23529411764706
0.12101515160496601,2.587900703093585,95.56868537666175,47.05882352941177
0.0962815256280332,2.4497555508333093,96.01181683899557,46.470588235294116
0.14928790633367206,2.588734004076789,94.53471196454949,46.470588235294116
0.10974998762789823,2.578356913959279,95.56868537666175,47.05882352941177
0.14547038636138687,2.6008007862988642,94.53471196454949,43.529411764705884
0.12753153337025397,2.609824623781092,95.42097488921713,45.294117647058826
0.10072744966785876,2.7281573548036464,96.4549483013294,46.470588235294116
0.12262384320005357,2.55135537035325,94.68242245199409,44.705882352941174
0.11978827168452423,2.533217570360969,94.68242245199409,45.294117647058826
0.14069168843835195,2.5572547828449923,94.53471196454949,46.470588235294116
0.12824735892290026,2.6015715458813835,94.38700147710487,45.88235294117647
0.1260904763251587,2.595536969689762,95.27326440177252,46.470588235294116
0.1529564875036346,2.541591921974631,92.17134416543574,44.11764705882353
0.11108357761126765,2.7400963362525492,95.27326440177252,45.88235294117647
0.10463805450195311,2.6676867569194123,95.56868537666175,45.88235294117647
0.1299793292125866,2.6117275995366716,95.56868537666175,45.88235294117647
0.10698189616665531,2.693471067091998,95.12555391432792,43.529411764705884
0.11284258509360177,2.551045162537519,95.42097488921713,45.88235294117647
0.11306435591162924,2.8023057713228114,96.15952732644018,48.23529411764706
0.11955598830912631,2.7348721111522,95.42097488921713,47.05882352941177
0.12101801102939702,2.6026417844435747,95.42097488921713,47.05882352941177
0.11008277379163435,2.81764601539163,96.01181683899557,47.05882352941177
0.13215013370853318,2.7032117563135483,95.12555391432792,47.64705882352941
0.08608798542372233,2.7276986234328326,96.60265878877401,47.05882352941177
0.10979696956670883,2.7299991551567526,95.56868537666175,45.88235294117647
0.13856739110754943,2.9006084638483385,93.94387001477105,46.470588235294116
0.1022909710835803,2.8924404705272,96.15952732644018,47.64705882352941
0.09195535484442771,2.7339061035829433,96.15952732644018,48.8235294117647
0.07094782119014327,2.7664882996503044,97.78434268833087,49.411764705882355
0.14597957776075277,2.697351371540743,93.64844903988183,48.23529411764706
0.11695887674708222,2.8287179638357722,95.12555391432792,47.64705882352941
0.13799128964257204,2.569687675027286,94.38700147710487,47.64705882352941
0.11060800257261341,2.825057315826416,95.27326440177252,47.64705882352941
0.07945978195245544,2.7699121110579545,97.34121122599704,47.64705882352941
0.09546579213116863,2.83062422135297,96.30723781388478,46.470588235294116
0.15673546788545445,2.6968057351953845,94.23929098966026,49.411764705882355
0.05602603993052548,2.854743853737326,98.07976366322009,49.411764705882355
0.1508036931031597,2.88819907132317,92.02363367799114,44.705882352941174
0.09298792215094433,2.5976838392369888,95.27326440177252,47.64705882352941
0.11536483329059102,2.774372759987326,94.97784342688331,46.470588235294116
0.10214230169760864,2.7994469221900493,96.15952732644018,50.0
0.1003677276192863,2.6766869264490465,95.86410635155096,45.88235294117647
0.0850617727402328,2.785020281286801,96.89807976366322,45.294117647058826
0.08994542678166044,2.8602706292096305,97.19350073855244,45.88235294117647
0.09331147335579776,2.6484135824091295,96.7503692762186,45.88235294117647
0.0947026764682358,2.6173602244433236,96.15952732644018,46.470588235294116
0.06009290135153287,2.817944456549252,97.04579025110783,47.64705882352941
0.0838562573527744,2.786713041978724,96.30723781388478,45.88235294117647
0.09183334153519732,2.927492918687708,96.15952732644018,45.88235294117647
0.08049143336856383,2.8349985487320843,97.19350073855244,45.294117647058826
0.0959849285272719,2.807803440093994,96.01181683899557,46.470588235294116
0.11205913139950137,2.812640411713544,94.68242245199409,47.64705882352941
0.08930538050786344,2.8315138031454645,96.01181683899557,47.05882352941177
0.10732114632397978,2.8407951803768383,95.71639586410635,45.294117647058826
0.10013079458016742,2.9442561794729794,95.86410635155096,47.05882352941177
0.1192011298835993,2.9487262557534613,95.56868537666175,47.64705882352941
0.10511931553730629,2.7344306665308333,95.86410635155096,46.470588235294116
0.11588195327427266,2.889642625696519,95.86410635155096,48.8235294117647
0.08363907211810967,2.83612961769104,96.60265878877401,45.88235294117647
0.1100486392166295,3.005367228564094,95.86410635155096,45.88235294117647
0.09730887725712674,2.8781556914834416,95.56868537666175,47.05882352941177
0.10994858111349791,3.210835911245907,95.56868537666175,45.88235294117647
0.097228272387447,2.981527303246891,96.7503692762186,44.705882352941174
0.10135451100348458,3.049044569800882,95.12555391432792,46.470588235294116
0.1053878843201052,2.848569900849286,95.42097488921713,44.11764705882353
0.11253622065998471,2.9390420717351575,94.97784342688331,44.11764705882353
0.07624406052238832,2.8272786224589628,96.60265878877401,42.94117647058823
0.08097272351428184,2.9018968469956343,96.60265878877401,45.294117647058826
0.10943177890822159,2.72085823171279,95.56868537666175,45.294117647058826
0.08615984314481041,2.952037513957304,96.15952732644018,44.705882352941174
0.10204410695703356,2.8434768817004037,95.71639586410635,45.88235294117647
0.0762478751783841,2.804720157735488,97.78434268833087,45.294117647058826
0.11936021624119235,3.012887576047112,95.86410635155096,47.05882352941177
0.07400456696963337,2.7193257892833036,96.60265878877401,47.05882352941177
0.10005283063109771,3.0746728700750015,95.86410635155096,47.05882352941177
0.11073418551893627,2.804936756807215,95.56868537666175,47.05882352941177
0.07928819810638708,2.8602270911721623,96.60265878877401,45.88235294117647
0.09125618522428251,2.890433998668895,96.01181683899557,47.64705882352941
0.06104932039249771,2.65286509289461,97.19350073855244,45.88235294117647
0.07522512108989973,2.934276844473446,97.48892171344166,47.64705882352941
0.08087167088107441,2.9364215934977813,96.7503692762186,46.470588235294116
0.07458978575486497,3.05607213973999,96.89807976366322,44.705882352941174
0.09169104370595323,3.045366649066701,95.71639586410635,46.470588235294116
0.043932178810216826,2.8057642403770897,98.81831610044313,44.11764705882353
0.10908385940608699,3.0287418056936826,96.01181683899557,47.64705882352941
0.06558396896564758,3.000960257474114,98.07976366322009,44.705882352941174
0.07628700048133093,2.949069581312292,97.34121122599704,47.05882352941177
0.06953496342398326,2.9047521703383503,97.34121122599704,46.470588235294116
0.06312737625557929,2.9902358980739816,98.22747415066469,46.470588235294116
0.10924110275953237,3.153474981644574,95.86410635155096,45.294117647058826
0.10112316123701005,2.817366330763873,95.56868537666175,44.705882352941174
0.10613192777745041,3.078981570636525,96.15952732644018,47.64705882352941
0.06803330857694655,3.1382148658528046,97.34121122599704,45.88235294117647
0.052337349138664224,3.1207447809331557,97.93205317577548,46.470588235294116
0.070616943239471,2.9888640852535473,97.48892171344166,45.294117647058826
0.08856119700546543,3.105287992253023,96.60265878877401,45.88235294117647
0.06535216458134925,3.260960657456342,97.48892171344166,47.05882352941177
0.08035035740977574,3.557622424293967,97.04579025110783,46.470588235294116
0.10645291553995953,3.0473798892077277,95.27326440177252,45.88235294117647
0.06972913634672295,3.0648891897762525,97.19350073855244,46.470588235294116
0.09167171964708005,3.0759456886964687,96.30723781388478,45.88235294117647
0.06747035274730563,3.1911599439733167,98.22747415066469,45.88235294117647
0.09196296935155437,3.139889986374799,96.30723781388478,43.529411764705884
0.0636919409289758,3.1205532522762525,97.48892171344166,45.294117647058826
0.07276465413690252,3.3298707120558797,97.04579025110783,45.294117647058826
0.09389409485467032,3.0402246727662927,96.60265878877401,45.294117647058826
0.08631243065970798,3.245497964410221,96.01181683899557,45.88235294117647
0.06749614897807249,3.207408776002772,97.78434268833087,47.05882352941177
0.07719470700283468,3.1268280169543097,97.34121122599704,46.470588235294116
0.07729875188571246,2.8326548772699693,97.19350073855244,45.88235294117647
0.08051728074434743,3.209103957344504,96.4549483013294,45.88235294117647
0.09053447152841479,3.1508085335002227,95.86410635155096,46.470588235294116
0.08682986574131923,3.2566655187045828,96.60265878877401,47.05882352941177
